"What does a snapshot in Cairo provide?","A snapshot in Cairo provides an immutable view of a value at a certain point in time."
"Why might Cairo's ownership system prevent using a value after moving it?","Cairo's ownership system prevents using a value after moving it to protect from potentially writing twice to the same memory cell when appending values to arrays."
"What is the significance of the '@' operator in Cairo?","The '@' operator in Cairo is used to create a snapshot of a value."
"How do you ensure that a function in Cairo will not mutate an array and that ownership remains in the calling function?","By passing the array as a snapshot, which ensures an immutable view, you can be sure that the function will not mutate the array and ownership remains in the calling function."
"What happens if you try to call a method not defined for snapshots on a snapshot in Cairo?","If you try to call a method that is not defined for snapshots on a snapshot in Cairo, you will get a compilation error."
"What is the purpose of the '*' (desnap) operator in Cairo?","The '*' (desnap) operator in Cairo is used to convert a snapshot back into a regular value by copying the value pointed to by the snapshot into a new variable."
"How can you prevent modifying values associated with snapshots in Cairo?","The compiler in Cairo prevents modifying values associated with snapshots to ensure immutability."
"What are mutable references in Cairo?","Mutable references in Cairo are mutable values passed to a function that are implicitly returned at the end of the function. They allow you to mutate the value passed while retaining ownership by returning it automatically at the end of the execution."
"How do you pass a parameter as a mutable reference in Cairo?","In Cairo, a parameter can be passed as a mutable reference using the 'ref' modifier, provided the variable is declared as mutable with 'mut'."
"How can you indicate that a Cairo function will mutate the value of a parameter?","By passing the parameter as a mutable reference using 'ref' and declaring the variable with 'mut', it makes it clear that the function will mutate the value."
"What are the ways to pass a variable to a function in Cairo?","In Cairo, a variable can be passed to a function by-value, by-snapshot, or by-reference."
"What happens when you pass a variable by-value to a function in Cairo?","When you pass a variable by-value to a function in Cairo, ownership of the variable is transferred to the function."
"How can you keep ownership of a variable in Cairo if you know the function won't mutate it?","If you want to retain ownership of a variable in Cairo and ensure the function won't mutate it, you can pass the variable as a snapshot using the '@' operator."
"How can you retain ownership of a variable in Cairo if you anticipate the function will modify it?","If you expect the function to mutate the variable and want to retain its ownership in Cairo, you can pass the variable as a mutable reference using the 'ref' modifier."
"What's the main distinction between passing by-snapshot and passing by mutable reference in Cairo?","The main difference is that passing by-snapshot provides an immutable view of the variable, ensuring no mutation, while passing by mutable reference allows for the variable to be mutated but retains its ownership."
"Why do values pointed by snapshots need to be copyable when using the desnap operator in Cairo?","The values pointed to by snapshots need to be copyable when using the desnap operator because during conversion, the value is copied into a new variable to enable multiple uses without concerns about ownership transfers."
"What does it mean for a variable to have ownership in Cairo?","Having ownership of a variable in Cairo means that the variable can only have one owner at any given time, and ownership dictates who can use or modify the value."
"What is the significance of the 'ref' keyword in a Cairo function parameter?","The 'ref' keyword in a Cairo function parameter indicates that the parameter is a mutable reference, which means that the function can modify the passed value while the calling context retains its ownership."
"Why might you use the '@' operator when passing a parameter to a function in Cairo?","You might use the '@' operator when passing a parameter to a Cairo function to create a snapshot, providing an immutable view of the variable, ensuring the function cannot modify it and ownership remains with the caller."
"How does the Cairo ownership system impact writing to memory cells when appending values to arrays?","The Cairo ownership system prevents potentially writing twice to the same memory cell when appending values to arrays by ensuring that a value cannot be used after it's been moved."
"How do you take a snapshot of a variable in Cairo?","By using the @ operator."
"What does the '@' operator in Cairo do?","It creates a snapshot, which is an immutable view of a value at a certain point in time."
"How do you convert a snapshot back into a regular value?","By using the desnap operator *, which serves as the opposite of the @ operator."
"Can you modify the value of a snapshot directly?","No, snapshots are immutable views of a value and cannot be modified directly."
"What is the primary benefit of using snapshots in Cairo?","Snapshots allow a function to view a value without taking ownership, ensuring that the original value can still be used afterwards."
"What error does Cairo throw when you attempt to modify a value associated with a snapshot?","Invalid left-hand side of assignment."
"How can you achieve mutability while passing values to a function in Cairo?","By using mutable references with the 'ref' modifier."
"How does Cairo handle mutable references at the end of a function's execution?","The function implicitly returns the mutable reference, transferring ownership back to the calling context."
"When can a parameter be passed as a mutable reference in Cairo?","When the variable is declared as mutable with the 'mut' keyword."
"What happens when you pass a variable by-value to a function in Cairo?","Ownership of the variable is transferred to the function."
"In which scenario would you use the ref modifier when passing a parameter to a function in Cairo?","When you want the function to mutate the variable but also want to retain ownership after the function's execution."
"Why can't Arrays in Cairo be transformed from snapshots using the desnap operator?","Because they don't implement the Copy trait."
"What is the purpose of the len() method for array snapshots in Cairo?","It returns the length of the array snapshot."
"Is the underlying value of a snapshot dropped when the snapshot goes out of scope in a function?","No, the underlying value is not dropped when the snapshot goes out of scope."
"Which operator allows multiplication of two values and also desnapping of snapshots in the provided context?","The '*' operator."
"How is a mutable reference different from a snapshot in Cairo?","A mutable reference allows mutation and ownership is returned after function execution, while a snapshot is an immutable view with no ownership transfer."
"Why is it important that a value pointed to by a snapshot must be copyable when using the desnap operator?","Because during the conversion from snapshot to regular value, the value is copied into a new variable."
"In the context of Cairo, what does the term 'ownership' primarily refer to?","The exclusive right to read from and write to a memory location."
"What does the 'ref' modifier do when passing a parameter in Cairo?","It passes the parameter as a mutable reference."
"How can you ensure that a function won't modify the variable it receives in Cairo?","By passing the variable as a snapshot using the '@' operator."
"What would happen if you tried to call a method on a snapshot that isn't defined for snapshots?","You would get a compilation error."
"How can you be sure that the calculate_length function won't mutate the array?","Because it takes a snapshot as a parameter, which is an immutable view of the array."
"Why is it possible to call the len() method on an array snapshot in Cairo?","Because it is defined as such in the ArrayTrait trait."
"What is the purpose of the 'derive' keyword in the provided Cairo code?","It is used to derive or implement traits for a struct or enum."
"What is the meaning of the error 'Invalid left-hand side of assignment' in the provided context?","It indicates an attempt to modify a value associated with a snapshot, which is not allowed."
"According to the recap, how many owners can a variable have at any given time in Cairo?","At any given time, a variable can only have one owner."
"What are the three ways to pass a variable to a function in Cairo, as mentioned in the recap?","By-value, by-snapshot, and by-reference."
"Why would you use the '@' operator when passing a variable to a function in Cairo?","To pass it as a snapshot, ensuring the original variable remains usable and doesn't transfer ownership."
"Which Cairo keyword declares a variable that can be modified?","The 'mut' keyword."
"Why is the desnap operator '*' used in the calculate_area function?","To transform the snapshots of height and width back into values for multiplication."
"What happens to the ownership of a value when you pass it by-value to a function in Cairo?","The function takes ownership of the value."
"When passing a variable to a function in Cairo, how can you ensure that you retain ownership but allow the function to mutate the value?","By passing it as a mutable reference using the 'ref' keyword."
"How is passing a value by-snapshot different from passing it by-value in Cairo?","Passing by-snapshot gives the function an immutable view without transferring ownership, while passing by-value transfers ownership to the function."
"What must be true about a variable in order for it to be passed as a mutable reference in Cairo?","The variable must be declared as mutable using the 'mut' keyword."
"Can a snapshot directly modify the underlying value it points to in Cairo?","No, a snapshot cannot modify the underlying value it points to."
"What does the '@' symbol represent before a variable in Cairo?","In Cairo, the '@' symbol represents a snapshot of the variable. It provides an immutable view of a value at a certain point in time without transferring ownership."
"How is the length of an array snapshot determined in the following code?\n\nuse debug::PrintTrait;\n\nfn main() {\n    let mut arr1 = ArrayTrait::<u128>::new();\n    let first_length = calculate_length(@arr1);\n    first_length.print();\n}\n\nfn calculate_length(arr: @Array<u128>) -> usize {\n    arr.len()\n}","The length of an array snapshot is determined by calling the '.len()' method on the snapshot as seen in the 'calculate_length' function."
"Why might someone want to use snapshots in Cairo instead of transferring ownership?","Snapshots in Cairo allow for an immutable view of a value without transferring ownership. This can be useful when you want to ensure a value is not modified and also retain ownership in the calling function."
"How can you convert a snapshot back to a regular value in Cairo and what is the implication of this conversion?","In Cairo, you can convert a snapshot back to a regular value using the desnap operator '*'. During this conversion, the value pointed to by the snapshot is copied into a new variable. This allows multiple uses of the underlying value without concerns about ownership transfers."
"Based on the following code, can you modify a snapshot directly?\n\n#[derive(Copy, Drop)]\nstruct Rectangle {\n    height: u64,\n    width: u64,\n}\n\nfn main() {\n    let rec = Rectangle { height: 3, width: 10 };\n    flip(@rec);\n}\n\nfn flip(rec: @Rectangle) {\n    let temp = rec.height;\n    rec.height = rec.width;\n    rec.width = temp;\n}","No, you cannot modify a snapshot directly. The code will produce a compilation error as the compiler prevents modifications of values associated with snapshots."
"How can a function mutate a passed-in value while retaining its ownership in the calling context in Cairo?","In Cairo, to mutate a passed-in value while retaining its ownership in the calling context, one can use mutable references. A parameter can be passed as a mutable reference using the 'ref' modifier, and it's implicitly returned at the end of the function to give back ownership to the calling context."
