"question","answer"
"How do you define a trait in Cairo?","To define a trait in Cairo, you use the keyword 'trait' followed by the name of the trait in PascalCase and the function signatures inside curly braces. For example: `trait ShapeGeometry { fn boundary(self: Rectangle) -> u64; fn area(self: Rectangle) -> u64; }`."
"How do you implement a trait in Cairo?","To implement a trait in Cairo, you use the 'impl' keyword with the name of your implementation, followed by 'of' and then the name of the trait being implemented. For example:
```
    impl RectangleGeometry of ShapeGeometry {
        ...
    }
```
"
"Can you provide an example of implementing the `ShapeGeometry` trait for a `Rectangle`?","Certainly, the implementation can look like this:
```
    impl RectangleGeometry of ShapeGeometry {
        fn boundary(self: Rectangle) -> u64 {
            2 * (self.height + self.width)
        }
        fn area(self: Rectangle) -> u64 {
            self.height * self.width }
        }
```"
"What does the #[generate_trait] attribute in Cairo allow you to do?","The #[generate_trait] attribute in Cairo allows you to write implementations directly without defining the corresponding trait. The compiler will automatically generate the trait based on the implementation."
"How should you name your trait when using the #[generate_trait] attribute?","When using the #[generate_trait] attribute, you should add 'Trait' as a suffix to your trait name because the compiler creates the trait by adding a 'Trait' suffix to the implementation name."
"What's the significance of the `self` parameter in the methods of the `ShapeGeometry` trait?","The `self` parameter allows the implemented functions to be attached to the instances of the type as methods. This means the functions can be called directly on instances of the struct they're implemented for."
"What's the main difference between the initial `ShapeGeometry` trait and the generic `ShapeGeometry<T>` trait?","The main difference is that the generic `ShapeGeometry<T>` trait uses a generic type `T`, allowing the trait to be implemented for multiple types, whereas the initial `ShapeGeometry` trait is specifically for `Rectangle`."
"How can you implement the `ShapeGeometry<T>` trait for both a `Rectangle` and a `Circle` struct?","For
```
    Rectangle`: `impl RectangleGeometry of ShapeGeometry<Rectangle> { ... }
```
For
```
    Circle`: `impl CircleGeometry of ShapeGeometry<Circle> { ... }
```
"
"How do you call the `print()` method on supported types?","the `print()` method is available for supported types by importing the `PrintTrait` from the `debug` module using `use debug::PrintTrait;`."
"Why might you need to import both a trait and its implementation in some cases in Cairo?","If the implementation of a trait is defined in a different module than the trait itself, you might need to import both to use the methods provided by that trait for a specific type."
"How do you indicate in Cairo that a specific trait should be derived or implemented for a struct?","You use the #[derive(...)] attribute above the struct declaration. For instance, `#[derive(Copy, Drop)]` indicates that the `Copy` and `Drop` traits should be derived for the struct that follows."
"What is the role of the 'of' keyword in the context of implementing a trait in Cairo?","The 'of' keyword in Cairo is used when implementing a trait to specify which trait is being implemented for a particular type or implementation."
"How do you specify a method's return type in a trait definition in Cairo?","In a trait definition in Cairo, a method's return type is specified after the '->' symbol in the method's signature."
"What does the term 'PascalCase' refer to in the context of naming a trait in Cairo?","'PascalCase' refers to a naming convention where the first letter of each word in a name is capitalized. It's the suggested way to name traits in Cairo."
"In the context of Cairo, when might you use the #[derive(...)] attribute?","In Cairo, you might use the #[derive(...)] attribute to automatically derive standard traits for a struct, such as `Copy` and `Drop`."
"How can you instantiate a `Rectangle` struct with a height of 5 and a width of 10 in Cairo?","You can instantiate a `Rectangle` struct with a height of 5 and a width of 10 like this: `let rect = Rectangle { height: 5, width: 10 };`."
"Can you provide a function signature for a method that accepts a `Circle` and returns a `u64` based on the given trait definitions?","Certainly, a function signature that fits this description is: `fn area(self: Circle) -> u64;`."
"Why might you want to use generic types when defining traits in Cairo?","You might want to use generic types when defining traits in Cairo to allow the trait to be implemented for multiple types, providing flexibility and code reusability."
"How does Cairo's #[generate_trait] attribute simplify trait implementation?","Cairo's #[generate_trait] attribute simplifies trait implementation by allowing developers to write implementations directly without defining the corresponding trait. The compiler then automatically generates the trait based on the implementation."
"What does the `use debug::PrintTrait;` line do in the code?","The line `use debug::PrintTrait;` imports the `PrintTrait` from the `debug` module, enabling the use of the `print()` method on supported types in the code."
""Can you provide an example of implementing the `trait ShapeGeometry { fn boundary(self: Rectangle) -> u64; fn area(self: Rectangle) -> u64; }` for a `Rectangle`?","Certainly, the implementation can look like this: `impl RectangleGeometry of ShapeGeometry { fn boundary(self: Rectangle) -> u64 { 2 * (self.height + self.width) } fn area(self: Rectangle) -> u64 { self.height * self.width } }`."
"In Cairo, what does the attribute `#[generate_trait]` allow you to do?","The #[generate_trait] attribute in Cairo allows you to write implementations directly without defining the corresponding trait. The compiler will automatically generate the trait based on the implementation."
"When using the `#[generate_trait]` attribute in Cairo, how should you name your trait?","When using the #[generate_trait] attribute, you should add 'Trait' as a suffix to your trait name because the compiler creates the trait by adding a 'Trait' suffix to the implementation name."
"In the `trait ShapeGeometry { fn boundary(self: Rectangle) -> u64; fn area(self: Rectangle) -> u64; }` example, what's the significance of the `self` parameter?","The `self` parameter allows the implemented functions to be attached to the instances of the type as methods. This means the functions can be called directly on instances of the struct they're implemented for."
"What's the main difference between the initial `trait ShapeGeometry { fn boundary(self: Rectangle) -> u64; fn area(self: Rectangle) -> u64; }` and the generic `trait ShapeGeometry<T> { ... }`?","The main difference is that the generic `ShapeGeometry<T>` trait uses a generic type `T`, allowing the trait to be implemented for multiple types, whereas the initial `ShapeGeometry` trait is specifically for `Rectangle`."
"If you encounter the error 'Method `area` not found...' after importing the `ShapeGeometry` trait, how can you resolve it?","To resolve the error, you need to explicitly import the relevant implementation. in addition to importing `ShapeGeometry`, you would also need to import `CircleGeometry`."
"How do you indicate in Cairo that a specific trait should be derived or implemented for a struct, as shown in `#[derive(Copy, Drop)]`?","You use the #[derive(...)] attribute above the struct declaration. For instance, `#[derive(Copy, Drop)]` indicates that the `Copy` and `Drop` traits should be derived for the struct that follows."
"What is the role of the 'of' keyword when implementing a trait in Cairo, as seen in the example `impl RectangleGeometry of ShapeGeometry { ... }`?","The 'of' keyword in Cairo is used when implementing a trait to specify which trait is being implemented for a particular type or implementation."
"Using the trait example `trait ShapeGeometry { fn boundary(self: Rectangle) -> u64; fn area(self: Rectangle) -> u64; }`, how do you specify a method's return type?","In a trait definition in Cairo, a method's return type is specified after the '->' symbol in the method's signature."
"In the context of naming a trait in Cairo, what does the term 'PascalCase' refer to?","'PascalCase' refers to a naming convention where the first letter of each word in a name is capitalized. It's the suggested way to name traits in Cairo."
"For the trait definition `trait ShapeGeometry<T> { ... }`, can you provide a function signature for a method that accepts a `Circle` and returns a `u64`?","Certainly, a function signature that fits this description is: `fn area(self: Circle) -> u64`."
"Using the `#[generate_trait]` attribute in Cairo, how can you create a trait called `RectangleTrait` from an implementation named `Rectangle`?","To create a trait named `RectangleTrait` from an implementation named `Rectangle` using the `#[generate_trait]` attribute, you would use the attribute on the `Rectangle` implementation. The compiler would then automatically generate the `RectangleTrait` trait based on the `Rectangle` implementation."
